{
	"name": "boilerplate",
	"version": "1.1.0",
	"buildTimestamp": "202210071356",
	"scmRevision": "",
	"libraries": [
		{
			"name": "sap.m",
			"version": "1.90.1",
			"buildTimestamp": "202210071356",
			"scmRevision": ""
		},
		{
			"name": "sap.ui.core",
			"version": "1.90.1",
			"buildTimestamp": "202210071356",
			"scmRevision": ""
		},
		{
			"name": "sap.ui.layout",
			"version": "1.90.1",
			"buildTimestamp": "202210071356",
			"scmRevision": ""
		},
		{
			"name": "sap.ui.unified",
			"version": "1.90.1",
			"buildTimestamp": "202210071356",
			"scmRevision": ""
		}
	]
}